path_name,size
/_app/immutable/assets/_layout.DZCuDJAC.css,30244
/_app/immutable/assets/_page._4tOCWcV.css,2416
/_app/immutable/assets/_page.4TwDNB_B.css,399
/_app/immutable/assets/_page.B6rFSzni.css,768
/_app/immutable/assets/_page.Be9Szr37.css,472
/_app/immutable/assets/_page.Cmd-qxSS.css,393
/_app/immutable/assets/_page.QCIE7wfl.css,393
/_app/immutable/assets/0.DUA2nB1R.css,30266
/_app/immutable/assets/2._4tOCWcV.css,2416
/_app/immutable/assets/3.QCIE7wfl.css,393
/_app/immutable/assets/4.B6rFSzni.css,768
/_app/immutable/assets/5.Cmd-qxSS.css,393
/_app/immutable/assets/6.4TwDNB_B.css,399
/_app/immutable/assets/7.Be9Szr37.css,472
/_app/immutable/chunks/BEAm1kKq.js,3418
/_app/immutable/chunks/BgtfMljx.js,1001
/_app/immutable/chunks/Bn7mOhpl.js,537
/_app/immutable/chunks/BxYCrlKb.js,635
/_app/immutable/chunks/C_VIzuIK.js,31913
/_app/immutable/chunks/C5A1mMlk.js,16216
/_app/immutable/chunks/CKx49QUS.js,113815
/_app/immutable/chunks/CnmvRdeQ.js,619
/_app/immutable/chunks/DrFVR20V.js,227
/_app/immutable/chunks/Dv_UEuWN.js,635
/_app/immutable/chunks/Dv84gvEr.js,820
/_app/immutable/chunks/exYqBnEd.js,952
/_app/immutable/chunks/xIeBkDeN.js,2719
/_app/immutable/entry/app.vuVMwZ-z.js,8124
/_app/immutable/entry/start.BVyo00mE.js,83
/_app/immutable/nodes/0.BJmsg28q.js,12041
/_app/immutable/nodes/1.BxRWliia.js,580
/_app/immutable/nodes/2.DiQMOFVu.js,30473
/_app/immutable/nodes/3.Dsob4Ise.js,7059
/_app/immutable/nodes/4.31EGyx_X.js,11557
/_app/immutable/nodes/5.CNqNYkey.js,12195
/_app/immutable/nodes/6.d3GAOELc.js,12382
/_app/immutable/nodes/7.DzOq8jo6.js,5779
/_app/version.json,27
/favicon.ico,5430
/favicon.png,1308
/favicon.svg,699
/icon.svg,
/,294588
/![-]/catchall,294588
/about,294588
/about/__data.json,294588
/api/contact,294588
/api/contact/__data.json,294588
/contact,294588
/contact/__data.json,294588
/index/__data.json,294588
/schemes,294588
/schemes/__data.json,294588
/services,294588
/services/__data.json,294588
/success-stories,294588
/success-stories/__data.json,294588